{
    "accuracy": 0.9915,
    "recall": 0.8533333333333334,
    "f1": 0.8247422680412371,
    "cm": [
        [
            15544,
            81
        ],
        [
            55,
            320
        ]
    ]
}