{
    "accuracy": 0.973625,
    "recall": 0.9146666666666666,
    "f1": 0.6191335740072202,
    "cm": [
        [
            15235,
            390
        ],
        [
            32,
            343
        ]
    ]
}