{
    "accuracy": 0.9895625,
    "recall": 0.8186666666666667,
    "f1": 0.7861715749039693,
    "cm": [
        [
            15526,
            99
        ],
        [
            68,
            307
        ]
    ]
}