{
    "Logistic Regression": {
        "accuracy": 0.973625,
        "recall": 0.9146666666666666,
        "f1": 0.6191335740072202,
        "cm": [
            [
                15235,
                390
            ],
            [
                32,
                343
            ]
        ]
    },
    "Random Forest": {
        "accuracy": 0.9895625,
        "recall": 0.8186666666666667,
        "f1": 0.7861715749039693,
        "cm": [
            [
                15526,
                99
            ],
            [
                68,
                307
            ]
        ]
    },
    "LightGBM": {
        "accuracy": 0.9915,
        "recall": 0.8533333333333334,
        "f1": 0.8247422680412371,
        "cm": [
            [
                15544,
                81
            ],
            [
                55,
                320
            ]
        ]
    }
}